{"cameraMode":{"drawMode":0,"name":"Shaded","section":"Shading Mode"},"sceneLighting":true,"audioPlay":false,"sceneViewState":{"showFog":true,"showMaterialUpdate":false,"showSkybox":true,"showFlares":true,"showImageEffects":true,"showParticleSystems":true},"in2DMode":false,"pivot":{"x":12.07470703125,"y":4.1660003662109379,"z":-18.161590576171876},"rotation":{"x":-0.047486260533332828,"y":0.9097829461097717,"z":-0.10860249400138855,"w":-0.39780089259147646},"size":229.7831573486328,"orthographic":false}